{
  "acne": {
    "precision": 0.9367088607594937,
    "recall": 0.9631236442516269,
    "f1-score": 0.9497326203208556,
    "support": 461.0
  },
  "dark_spots": {
    "precision": 0.9215686274509803,
    "recall": 0.844311377245509,
    "f1-score": 0.88125,
    "support": 167.0
  },
  "wrinkles": {
    "precision": 0.9874213836477987,
    "recall": 0.9127906976744186,
    "f1-score": 0.9486404833836858,
    "support": 172.0
  },
  "redness_prone": {
    "precision": 0.930379746835443,
    "recall": 0.7945945945945946,
    "f1-score": 0.8571428571428571,
    "support": 185.0
  },
  "dry_irritated": {
    "precision": 0.9101123595505618,
    "recall": 0.9,
    "f1-score": 0.9050279329608939,
    "support": 90.0
  },
  "normal": {
    "precision": 0.8930817610062893,
    "recall": 0.9793103448275862,
    "f1-score": 0.9342105263157895,
    "support": 435.0
  },
  "accuracy": 0.9245033112582781,
  "macro avg": {
    "precision": 0.9298787898750945,
    "recall": 0.8990217764322891,
    "f1-score": 0.9126674033540136,
    "support": 1510.0
  },
  "weighted avg": {
    "precision": 0.9258822219494736,
    "recall": 0.9245033112582781,
    "f1-score": 0.923554418937209,
    "support": 1510.0
  }
}